{"id":"65fe7f226f546f5546368156","authorName":"apollo_1912793623","scenario":{"start":{"x":586914.58527838369,"y":4140821.2361165108,"heading":2.906360270373173},"end":{"x":586853.51578591752,"y":4140812.8405401129},"mapDir":"modules/map/data/sunnyvale","agent":[{"id":6983,"width":2,"length":5,"height":1.5,"type":"VEHICLE","trackedPoint":[{"x":586863.23493330728,"y":4140833.8544875453,"speed":0.5},{"x":586863.48172179854,"y":4140835.4663284114,"speed":3},{"x":586870.541290897,"y":4140865.352544765,"speed":0}],"motiontype":"TRACKED","startPosition":{"x":586856.74362266692,"y":4140808.8394165379,"heading":1.3258176634821357,"speed":1},"triggerType":"TIME","startTime":15}],"simulatorTime":60,"baseGradeConfigFile":"grading_system/conf/grading_metrics_default.conf","deselectDefaultMetric":["Checkpoint"]},"type":"worldsim","mapId":"78d8a51623dc50f4ca7583af","tags":["T Junction","Left turn at an intersection","Motor Vehicle"],"time":"Thu Apr 11 2024 15:21:13 GMT+0000 (Coordinated Universal Time)","createTime":"Sat Mar 23 2024 07:05:06 GMT+0000 (Coordinated Universal Time)","descriptionEnTokens":["Law52_3_1"]}