{"id":"664d6686bf0e7425fc5459a2","authorName":"apollo_1912793623","scenario":{"start":{"x":586949.85049692751,"y":4140970.5583079876},"end":{"x":587183.78918473853,"y":4140908.2470422289},"mapDir":"modules/map/data/sunnyvale","agent":[{"id":5659,"description":"conf for agent","width":2.5,"length":5.5,"height":2,"type":"VEHICLE","trackedPoint":[{"x":586982.8440189953,"y":4140958.196717957,"speed":10},{"x":587046.87184832245,"y":4140942.2055747858,"speed":15},{"x":587209.57959243713,"y":4140901.8504485949,"speed":20},{"x":587225.545247741,"y":4140898.0338338176,"speed":20}],"motiontype":"TRACKED","startPosition":{"x":586926.2805060622,"y":4140972.6690892288,"heading":-0.28361691053236704,"speed":10},"rearEndCollisionDistance":-1,"triggerType":"TIME","startTime":0}],"simulatorTime":120,"baseGradeConfigFile":"grading_system/conf/grading_metrics_worldsim.conf","deselectDefaultMetric":["Checkpoint"]},"type":"worldsim","mapId":"78d8a51623dc50f4ca7583af","tags":["Straight Road","Lane change in a through lane","Motor Vehicle"],"time":"Wed May 22 2024 03:29:10 GMT+0000 (Coordinated Universal Time)","createTime":"Wed May 22 2024 03:29:10 GMT+0000 (Coordinated Universal Time)","number":1,"descriptionEn":"Autonomous car changes the lane to the right in through lanes. The vehicle behind in the target lane speeds up.","descriptionEnTokens":["Change to Right (Through Lane)","S_59_Vehicle (Behind Target) [Speed Up]"]}