{"id":"664d664003ac277e4a49587f","authorName":"apollo_1912793623","scenario":{"start":{"x":586931.68340288766,"y":4140971.0080135},"end":{"x":587162.92430680862,"y":4140917.2535921861},"mapDir":"modules/map/data/sunnyvale","agent":[{"id":5647,"description":"conf for agent","width":2.5,"length":5.5,"height":2,"type":"VEHICLE","trackedPoint":[{"x":587028.37858878763,"y":4140946.7655702131,"speed":3},{"x":587044.59871820221,"y":4140946.1811428671,"speed":10},{"x":587084.29325394356,"y":4140936.4155791881,"speed":10},{"x":587091.04757676227,"y":4140935.0007117596,"speed":10}],"motiontype":"TRACKED","startPosition":{"x":586973.98879777733,"y":4140960.5249855123,"heading":-0.26126092317410166,"speed":3},"rearEndCollisionDistance":-1,"triggerType":"TIME","startTime":0}],"simulatorTime":120,"baseGradeConfigFile":"grading_system/conf/grading_metrics_worldsim.conf","deselectDefaultMetric":["Checkpoint"]},"type":"worldsim","mapId":"78d8a51623dc50f4ca7583af","tags":["Straight Road","Lane change in a through lane","Motor Vehicle"],"time":"Wed May 22 2024 03:28:00 GMT+0000 (Coordinated Universal Time)","createTime":"Wed May 22 2024 03:28:00 GMT+0000 (Coordinated Universal Time)","number":1,"descriptionEn":"Autonomous car changes the lane to the left in through lanes. The vehicle ahead in the same lane changes the lane to the left, then comes to a full stop.","descriptionEnTokens":["Change to Left (Through Lane)","S_57_Vehicle (Front) [Change to Left & Stop]"]}