{"id":"664d6730bf0e74d3a55459a3","authorName":"apollo_1912793623","scenario":{"start":{"x":586960.93825256673,"y":4140967.3683876577},"end":{"x":587225.60483779432,"y":4140901.222119581},"mapDir":"modules/map/data/sunnyvale","agent":[{"id":5166,"description":"conf for agent","width":2.5,"length":5.5,"height":2,"type":"VEHICLE","trackedPoint":[{"x":587078.60189456167,"y":4140937.6946044359,"speed":9},{"x":587142.7446877195,"y":4140918.2808493068,"speed":2},{"x":587193.38643760106,"y":4140905.0372684253,"speed":2},{"x":587209.72648203652,"y":4140900.6125648,"speed":2}],"motiontype":"TRACKED","startPosition":{"x":586990.16075090354,"y":4140959.8080809377,"heading":-0.26230615573949323,"speed":2},"rearEndCollisionDistance":-1,"triggerType":"TIME","startTime":0}],"simulatorTime":120,"baseGradeConfigFile":"grading_system/conf/grading_metrics_worldsim.conf","deselectDefaultMetric":["Checkpoint"]},"type":"worldsim","mapId":"78d8a51623dc50f4ca7583af","tags":["Straight Road","Traveling straight in a through lane","Motor Vehicle"],"time":"Wed May 22 2024 03:32:00 GMT+0000 (Coordinated Universal Time)","createTime":"Wed May 22 2024 03:32:00 GMT+0000 (Coordinated Universal Time)","number":1,"descriptionEn":"Autonomous car travels straight in a through lane. The vehicle ahead in the same lane slowly changes the lane.","descriptionEnTokens":["Go Straight (Through Lane)","S_62_Vehicle (Front) [Change Lane]"]}