{"id":"664eaeec211082762a058d38","authorName":"apollo_1912793623","scenario":{"start":{"x":750983.17547531088,"y":2565853.0388316624,"heading":-1.7294515892732063},"end":{"x":750980.73124622041,"y":2565769.3830137895},"mapDir":"modules/map/data/apollo_virutal_map","agent":[{"id":9461,"width":2,"length":5,"height":1.5,"type":"VEHICLE","trackedPoint":[{"x":750975.65864450089,"y":2565801.725692261,"speed":3},{"x":750979.41652413108,"y":2565798.9072825434,"speed":3},{"x":750980.7317819997,"y":2565794.3978269892,"speed":3},{"x":750980.7317819997,"y":2565732.5595438834,"speed":5}],"motiontype":"TRACKED","startPosition":{"x":750959.31293967378,"y":2565801.9316687388,"heading":-0.052583061215574475,"speed":3},"triggerType":"TIME","startTime":0}],"simulatorTime":50,"baseGradeConfigFile":"grading_system/conf/grading_metrics_default.conf","deselectDefaultMetric":["Checkpoint"]},"type":"worldsim","mapId":"6b6ce49f1809b513825ef23f","tags":["Y Junction","Traveling straight in a through lane","Motor Vehicle"],"time":"Thu May 23 2024 02:50:20 GMT+0000 (Coordinated Universal Time)","createTime":"Thu May 23 2024 02:50:20 GMT+0000 (Coordinated Universal Time)","number":1,"descriptionEnTokens":["A__35_veh_turn_left"]}