{"id":"664c5b8516ddc733dbd051b8","authorName":"apollo_1912793623","scenario":{"start":{"x":586942.64312570146,"y":4140968.4202462086,"heading":-0.2378455010145448},"end":{"x":587132.85883669357,"y":4140920.2172667333},"mapDir":"modules/map/data/sunnyvale","agent":[{"id":5166,"description":"conf for agent","width":2.5,"length":5.5,"height":2,"type":"VEHICLE","trackedPoint":[{"x":587004.64802093816,"y":4140955.7306357529,"speed":5},{"x":587032.61274070828,"y":4140945.0531976023,"speed":5},{"x":587163.61728264927,"y":4140912.5647526882,"speed":5},{"x":587197.02082383446,"y":4140904.1741550057,"speed":1}],"motiontype":"TRACKED","startPosition":{"x":586973.09698627074,"y":4140964.2135862126,"heading":-0.26150779263851104,"speed":8},"rearEndCollisionDistance":-1,"triggerType":"TIME","startTime":0}],"simulatorTime":120,"startVelocity":0,"startAcceleration":0,"baseGradeConfigFile":"grading_system/conf/grading_metrics_worldsim.conf","deselectDefaultMetric":["Checkpoint"]},"type":"worldsim","mapId":"78d8a51623dc50f4ca7583af","tags":["Straight Road","Traveling straight in a through lane","Motor Vehicle"],"time":"Tue May 21 2024 08:29:57 GMT+0000 (Coordinated Universal Time)","createTime":"Tue May 21 2024 08:29:57 GMT+0000 (Coordinated Universal Time)","number":1,"descriptionEn":"Autonomous car travels straight in a through lane. The vehicle ahead in the lane next to the left cuts over and comes to a full stop.","descriptionEnTokens":["Go Straight (Through Lane)","S_19_Vehicle (Ahead Next Left) [Cut In & Stop]"]}