{"id":"664c5bf764383559e24993e9","authorName":"apollo_1912793623","scenario":{"start":{"x":586944.47568689368,"y":4140971.2118530697,"heading":-0.24529172089634713},"end":{"x":587098.487559156,"y":4140933.0938339811},"mapDir":"modules/map/data/sunnyvale","agent":[{"id":5166,"description":"conf for agent","width":2.5,"length":5.5,"height":2,"type":"VEHICLE","trackedPoint":[{"x":587000.11458441045,"y":4140953.4161209278,"speed":8},{"x":587010.09395604744,"y":4140954.9936268,"speed":5},{"x":587117.419349063,"y":4140928.4034229913,"speed":5},{"x":587136.77693151636,"y":4140923.3450826728,"speed":10}],"motiontype":"TRACKED","startPosition":{"x":586969.24421255954,"y":4140961.548089026,"heading":-0.26126092317410166,"speed":6},"rearEndCollisionDistance":-1,"triggerType":"TIME","startTime":0}],"simulatorTime":120,"startVelocity":0,"startAcceleration":0,"baseGradeConfigFile":"grading_system/conf/grading_metrics_worldsim.conf","deselectDefaultMetric":["Checkpoint"]},"type":"worldsim","mapId":"78d8a51623dc50f4ca7583af","tags":["Straight Road","Traveling straight in a through lane","Motor Vehicle"],"time":"Tue May 21 2024 08:31:51 GMT+0000 (Coordinated Universal Time)","createTime":"Tue May 21 2024 08:31:51 GMT+0000 (Coordinated Universal Time)","number":1,"descriptionEn":"Autonomous car travels straight in a through lane. The vehicle ahead in the lane next to the right cuts over and comes to a full stop.","descriptionEnTokens":["Go Straight (Through Lane)","S_21_Vehicle (Ahead Next Right) [Cut In & Stop]"]}