{"id":"664c5c46bb9cf02db5750d54","authorName":"apollo_1912793623","scenario":{"start":{"x":586944.60863689019,"y":4140971.8072014563},"end":{"x":587139.928849806,"y":4140923.1199992411},"mapDir":"modules/map/data/sunnyvale","agent":[{"id":5632,"description":"conf for agent","width":1,"length":1,"height":1.8,"type":"PEDESTRIAN","trackedPoint":[{"x":586982.45843598817,"y":4140958.4020847748,"speed":1},{"x":586998.22032483353,"y":4140957.983391704,"speed":10},{"x":587124.903313067,"y":4140926.3348404127,"speed":10},{"x":587136.89655956277,"y":4140923.5422701743,"speed":10}],"motiontype":"TRACKED","startPosition":{"x":586962.4785249366,"y":4140963.9080243651,"heading":-0.26105255703409336,"speed":1},"rearEndCollisionDistance":-1,"triggerType":"TIME","startTime":0}],"simulatorTime":120,"baseGradeConfigFile":"grading_system/conf/grading_metrics_worldsim.conf","deselectDefaultMetric":["Checkpoint"]},"type":"worldsim","mapId":"78d8a51623dc50f4ca7583af","tags":["Straight Road","Traveling straight in a through lane","Motor Vehicle"],"time":"Tue May 21 2024 08:33:10 GMT+0000 (Coordinated Universal Time)","createTime":"Tue May 21 2024 08:33:10 GMT+0000 (Coordinated Universal Time)","number":1,"descriptionEn":"Autonomous car travels straight in a through lane. The pedestrian ahead in the lane next to the right slowly cuts over.","descriptionEnTokens":["Go Straight (Through Lane)","S_22_Pedestrian (Ahead Next Right) [Cut In ]"]}