{"id":"664df2ad1abefe62796e7821","authorName":"apollo_1912793623","scenario":{"start":{"x":751373.51394244528,"y":2563972.4590729936,"heading":-0.026309715161218349},"end":{"x":751908.80429527245,"y":2563967.4599909289},"mapDir":"modules/map/data/apollo_virutal_map","gradeConfig":{"metric":[{"name":"ReachEnd","condition":{"regionOverlapCondition":{"regionCornerXy":[751555.84092414065,2563972.3439352596,751561.84092414065,2563972.3439352596,751561.84092414065,2563969.3439352596,751555.84092414065,2563969.3439352596],"requireFullyContain":true}},"isCritical":true,"requireAllTimePass":false,"oncePassStayPass":true}]},"agent":[{"id":5090,"width":2,"length":5,"height":1.5,"type":"VEHICLE","trackedPoint":[{"x":751592.38697199512,"y":2563970.495980036,"speed":3},{"x":751727.3013081,"y":2563969.3961406378,"speed":3},{"x":751827.36712464737,"y":2563968.6687759161,"speed":3},{"x":751882.5670916636,"y":2563967.6741649616,"speed":3}],"motiontype":"TRACKED","startPosition":{"x":751472.46696520247,"y":2563971.5513917408,"heading":0.023525071896646526,"speed":8},"startDistance":25,"triggerType":"DISTANCE"}],"simulatorTime":100,"baseGradeConfigFile":"grading_system/conf/grading_metrics_default.conf","deselectDefaultMetric":["Checkpoint"]},"type":"worldsim","mapId":"6b6ce49f1809b513825ef23f","tags":["Straight Road","Traveling straight in a through lane","Motor Vehicle"],"time":"Wed May 22 2024 13:27:09 GMT+0000 (Coordinated Universal Time)","createTime":"Wed May 22 2024 13:27:09 GMT+0000 (Coordinated Universal Time)","number":1,"descriptionEnTokens":["xh-contest-慢速车绕行","A__3_慢速车绕行"]}