{"id":"664df4b2c3a02db9940d610c","authorName":"apollo_1912793623","scenario":{"start":{"x":754106.92635784543,"y":2565101.1376065603,"heading":1.5610028342180187},"end":{"x":754062.98781833623,"y":2565617.9650038327},"mapDir":"modules/map/data/apollo_virutal_map","agent":[{"id":4485,"width":2,"length":5,"height":1.5,"type":"VEHICLE","trackedPoint":[{"x":754108.06625513942,"y":2565194.6781030358,"speed":10},{"x":754109.55022745917,"y":2565288.0389125729,"speed":10},{"x":754108.346680831,"y":2565330.53858143,"speed":7.8},{"x":754105.50738023419,"y":2565373.4334740392,"speed":7.8}],"motiontype":"TRACKED","startPosition":{"x":754107.6196142321,"y":2565139.8627029574,"speed":10},"startDistance":40,"triggerType":"DISTANCE","startTime":0}],"simulatorTime":100,"startVelocity":9,"baseGradeConfigFile":"grading_system/conf/grading_metrics_default.conf","deselectDefaultMetric":["Checkpoint"]},"type":"worldsim","mapId":"6b6ce49f1809b513825ef23f","tags":["Straight Road","Traveling straight in a through lane","Motor Vehicle"],"time":"Wed May 22 2024 13:35:46 GMT+0000 (Coordinated Universal Time)","createTime":"Wed May 22 2024 13:35:46 GMT+0000 (Coordinated Universal Time)","number":1,"descriptionEnTokens":["慢速车绕行_7.8","A__10_慢速车绕行_7.8"]}