{"id":"664dc0dac3a02d7c350d60de","authorName":"apollo_1912793623","scenario":{"start":{"x":587188.70535395155,"y":4141423.451233719,"heading":-0.23843211174757317},"end":{"x":587211.339147349,"y":4141416.8054224784},"parkingPoint":{"x":587204.50864908518,"y":4141411.6595442747},"mapDir":"modules/map/data/sunnyvale","agent":[{"id":12059,"description":"conf for agent","width":2.5,"length":5.5,"height":2,"type":"VEHICLE","trackedPoint":[{"x":587204.64328502829,"y":4141418.4378748671,"speed":5},{"x":587209.95356129238,"y":4141416.9644476282,"speed":5},{"x":587220.91348211328,"y":4141415.5017054616,"speed":3},{"x":587227.83926201111,"y":4141418.1382220816,"speed":1}],"motiontype":"TRACKED","startPosition":{"x":587198.33309024689,"y":4141419.8987549716,"heading":-0.24640025984689717,"speed":4},"triggerType":"TIME","startTime":0}],"simulatorTime":60,"baseGradeConfigFile":"grading_system/conf/grading_metrics_worldsim_parking.conf","deselectDefaultMetric":["Checkpoint"]},"type":"worldsim","mapId":"78d8a51623dc50f4ca7583af","tags":["Straight Road","Open space","Motor Vehicle"],"time":"Wed May 22 2024 09:54:34 GMT+0000 (Coordinated Universal Time)","createTime":"Wed May 22 2024 09:54:34 GMT+0000 (Coordinated Universal Time)","number":1,"descriptionEn":"Autonomous car Through Lane Two-Lane Roads Parking Space Reverse 11543, 1. Front Motor Vehicle Go Straight Slow Down","descriptionEnTokens":["Parking Space Reverse 11543 (Through Lane) [Two-Lane Roads]","S_557_Motor Vehicle (Front) [Go Straight] [Slow Down]"]}