{"id":"664dd72ec3a02d70750d60eb","authorName":"apollo_1912793623","scenario":{"start":{"x":559364.23346650624,"y":4157092.4697651742,"heading":2.2910698692078761},"end":{"x":559365.35900133289,"y":4157148.2073034197},"mapDir":"modules/map/data/san_mateo","agent":[{"id":7966,"width":2,"length":5,"height":1.5,"type":"VEHICLE","trackedPoint":[{"x":559341.82901618851,"y":4157131.0948890331,"speed":7},{"x":559338.63342316158,"y":4157122.4972233167,"speed":8},{"x":559340.61164731579,"y":4157112.1495854077,"speed":10},{"x":559349.14251403441,"y":4157103.9362930632,"speed":0}],"motiontype":"TRACKED","startPosition":{"x":559359.25804718956,"y":4157147.4152599252,"heading":-2.3618351344828903,"speed":10},"triggerType":"TIME","startTime":0}],"simulatorTime":20,"startVelocity":8,"startAcceleration":0,"baseGradeConfigFile":"grading_system/conf/grading_metrics_default.conf","deselectDefaultMetric":["Checkpoint"]},"type":"worldsim","mapId":"5bbc51fbb0c50c067225fedf","tags":["T Junction","Right turn at an intersection","bare_intersection"],"time":"Wed May 22 2024 11:29:50 GMT+0000 (Coordinated Universal Time)","createTime":"Wed May 22 2024 11:29:50 GMT+0000 (Coordinated Universal Time)","number":1,"descriptionEn":"Autonomous car turns right at the T-junction,The vehicle coming from the right of the cross traffic turns left.","descriptionEnTokens":["Turn Right (Bare T Junction)","SM957_Vehicle (Right Side of the Intersection) [Turn Left]"]}