{"id":"664dc08f4e48d3846db717a2","authorName":"apollo_1912793623","scenario":{"start":{"x":587188.65090728668,"y":4141423.1898040748,"heading":-0.22222945986036735},"end":{"x":587213.832771926,"y":4141416.0420875684},"parkingPoint":{"x":587201.77979862748,"y":4141412.9784441413},"mapDir":"modules/map/data/sunnyvale","agent":[{"id":12059,"description":"conf for agent","width":1,"length":3,"height":1,"type":"BICYCLE","trackedPoint":[{"x":587224.45764107024,"y":4141417.8832753692,"speed":2},{"x":587221.4217489172,"y":4141416.7522763568,"speed":1},{"x":587217.37276691757,"y":4141417.0781836747,"speed":2},{"x":587207.52216727333,"y":4141419.3795936485,"speed":3}],"motiontype":"TRACKED","startPosition":{"x":587227.64708122821,"y":4141422.458831036,"heading":-2.1232526408236327,"speed":3},"triggerType":"TIME","startTime":0}],"simulatorTime":55,"baseGradeConfigFile":"grading_system/conf/grading_metrics_worldsim_parking.conf","deselectDefaultMetric":["Checkpoint"]},"type":"worldsim","mapId":"78d8a51623dc50f4ca7583af","tags":["Curve","Open space","Non-motor vehicle"],"time":"Wed May 22 2024 09:53:19 GMT+0000 (Coordinated Universal Time)","createTime":"Wed May 22 2024 09:53:19 GMT+0000 (Coordinated Universal Time)","number":1,"descriptionEn":"Autonomous car Through Lane Two-Lane Roads Parking Space Reverse 11543, 1. Front Non-Motor Vehicle Move Against Traffic","descriptionEnTokens":["Parking Space Reverse 11543 (Through Lane) [Two-Lane Roads]","S_535_Non-Motor Vehicle (Front) [Move Against Traffic]"]}