{"id":"664dc1484e48d37a82b717a4","authorName":"apollo_1912793623","scenario":{"start":{"x":587209.397172265,"y":4141417.6567467591,"heading":2.9199430905346411},"end":{"x":587186.28646759409,"y":4141423.8496117881},"parkingPoint":{"x":587196.6003479854,"y":4141414.3489792976},"mapDir":"modules/map/data/sunnyvale","agent":[{"id":11355,"description":"conf for agent","width":2.5,"length":5.5,"height":2,"type":"VEHICLE","trackedPoint":[{"x":587200.13822231523,"y":4141417.9796032659,"speed":1},{"x":587199.15357299,"y":4141419.9195118626,"speed":1},{"x":587196.71912540228,"y":4141421.0969570372,"speed":2},{"x":587179.80067512731,"y":4141425.301946748,"speed":7}],"motiontype":"TRACKED","startPosition":{"x":587199.39202895749,"y":4141413.9054603064,"heading":1.3442827701126336,"speed":0},"triggerType":"TIME","startTime":0}],"simulatorTime":60,"baseGradeConfigFile":"grading_system/conf/grading_metrics_worldsim_parking.conf","deselectDefaultMetric":["Checkpoint"]},"type":"worldsim","mapId":"78d8a51623dc50f4ca7583af","tags":["Straight Road","Open space","Motor Vehicle"],"time":"Wed May 22 2024 09:56:24 GMT+0000 (Coordinated Universal Time)","createTime":"Wed May 22 2024 09:56:24 GMT+0000 (Coordinated Universal Time)","number":1,"descriptionEn":"Autonomous car Through Lane Two-Lane Roads Parking Space 11543, 1. Open SPace 11544 Motor Vehicle Turn Left Accelerate from Start","descriptionEnTokens":["Parking Space 11543 (Through Lane) [Two-Lane Roads]","S_577_Motor Vehicle (Open SPace 11544) [Turn Left] [Accelerate from Start]"]}