{"id":"664dc0564e48d38637b7179b","authorName":"apollo_1912793623","scenario":{"start":{"x":587187.2056530565,"y":4141423.4440137255,"heading":-0.251564736847009},"end":{"x":587214.40260507842,"y":4141416.1168806492},"parkingPoint":{"x":587196.60001191194,"y":4141414.7121636225},"mapDir":"modules/map/data/sunnyvale","agent":[{"id":12476,"description":"conf for agent","width":1,"length":1,"height":1.8,"type":"PEDESTRIAN","trackedPoint":[{"x":587206.84254051663,"y":4141416.4480615226,"speed":1}],"motiontype":"TRACKED","startPosition":{"x":587207.73164548387,"y":4141420.2267576861,"heading":-1.92279773257757,"speed":1},"startDistance":10,"triggerType":"DISTANCE"},{"id":12547,"description":"conf for agent","width":1,"length":1,"height":1.8,"type":"PEDESTRIAN","trackedPoint":[{"x":587190.1396309745,"y":4141421.1595940567,"speed":1},{"x":587191.45751653891,"y":4141424.5940832612,"speed":1}],"motiontype":"TRACKED","startPosition":{"x":587175.1237248875,"y":4141425.7122890581,"heading":-0.39667356031317486,"speed":1},"triggerType":"TIME","startTime":0}],"simulatorTime":60,"baseGradeConfigFile":"grading_system/conf/grading_metrics_worldsim_parking.conf","deselectDefaultMetric":["Checkpoint"]},"type":"worldsim","mapId":"78d8a51623dc50f4ca7583af","tags":["Straight Road","Open space","Pedestrian"],"time":"Wed May 22 2024 09:52:22 GMT+0000 (Coordinated Universal Time)","createTime":"Wed May 22 2024 09:52:22 GMT+0000 (Coordinated Universal Time)","number":1,"descriptionEn":"Autonomous car Through Lane Two-Lane Roads Parking Space Reverse 11543, 1. Rear Pedestrian Cross 2. Front Pedestrian Cross","descriptionEnTokens":["Parking Space Reverse 11543 (Through Lane) [Two-Lane Roads]","Pedestrian (Rear) [Cross]","S_543_Pedestrian (Front) [Cross]"]}