{"id":"664dff312110822c2c058c75","authorName":"apollo_1912793623","scenario":{"start":{"x":754095.06994322757,"y":2564189.1733404794},"end":{"x":754094.10889381613,"y":2564389.6419073869},"mapDir":"modules/map/data/apollo_virutal_map","agent":[{"id":3914,"width":2,"length":5,"height":1.5,"type":"VEHICLE","trackedPoint":[{"x":754091.87113914755,"y":2564242.3596093948,"speed":4},{"x":754095.69444109651,"y":2564282.8228884144,"speed":5},{"x":754096.97228198755,"y":2564336.4172539525,"speed":6}],"motiontype":"TRACKED","startPosition":{"x":754090.91531365132,"y":2564184.6914715581,"speed":3},"triggerType":"TIME","startTime":0}],"simulatorTime":20,"baseGradeConfigFile":"grading_system/conf/grading_metrics_default.conf","deselectDefaultMetric":["Checkpoint"]},"type":"worldsim","mapId":"6b6ce49f1809b513825ef23f","tags":["Straight Road","Lane change in a through lane","Motor Vehicle"],"time":"Wed May 22 2024 14:20:33 GMT+0000 (Coordinated Universal Time)","createTime":"Wed May 22 2024 14:20:33 GMT+0000 (Coordinated Universal Time)","number":1,"descriptionEnTokens":["A__24_veh_cut_in"]}